group	y
1	0.386174901239843
1	0.386174901239843
1	0.386174901239843
1	0.386174901239843
1	0.386174901239843
1	0.386174901239843
1	0.386174901239843
1	0.386174901239843
1	0.386174901239843
1	0.386174901239843
1	0.386174901239843
1	0.386174901239843
1	0.386174901239843
1	0.386174901239843
1	0.386174901239843
1	0.386174901239843
1	0.386174901239843
1	0.386174901239843
1	0.386174901239843
1	0.386174901239843
1	0.386174901239843
1	0.386174901239843
1	0.386174901239843
1	0.386174901239843
1	0.386174901239843
1	0.386174901239843
1	0.386174901239843
1	0.386174901239843
1	0.386174901239843
1	0.386174901239843
1	0.386174901239843
1	0.386174901239843
1	0.386174901239843
1	0.386174901239843
1	0.386174901239843
1	0.386174901239843
1	0.386174901239843
1	0.386174901239843
1	0.386174901239843
1	0.386174901239843
1	0.386174901239843
1	0.386174901239843
1	0.386174901239843
1	0.386174901239843
1	0.386174901239843
1	0.386174901239843
1	0.386174901239843
1	0.386174901239843
1	0.386174901239843
1	0.386174901239843
1	0.386174901239843
1	0.386174901239843
1	0.386174901239843
1	0.386174901239843
1	0.386174901239843
1	0.386174901239843
1	0.386174901239843
1	0.386174901239843
1	0.386174901239843
1	0.386174901239843
1	0.386174901239843
1	0.386174901239843
1	0.386174901239843
1	0.386174901239843
1	0.386174901239843
1	0.386174901239843
1	0.386174901239843
1	0.386174901239843
1	0.386174901239843
1	0.386174901239843
1	0.386174901239843
1	0.386174901239843
1	0.386174901239843
1	0.386174901239843
1	0.386174901239843
1	0.386174901239843
1	0.386174901239843
1	0.386174901239843
1	0.386174901239843
1	0.386174901239843
1	0.386174901239843
1	0.386174901239843
1	0.386174901239843
1	0.386174901239843
1	0.386174901239843
1	0.386174901239843
1	0.386174901239843
1	0.386174901239843
1	0.386174901239843
1	0.386174901239843
1	0.386174901239843
1	0.386174901239843
1	0.386174901239843
1	0.386174901239843
1	0.386174901239843
1	0.386174901239843
1	0.386174901239843
1	0.386174901239843
1	0.386174901239843
1	0.386174901239843
1	0.386174901239843
1	0.386174901239843
1	0.386174901239843
1	0.386174901239843
1	0.386174901239843
1	0.386174901239843
1	0.386174901239843
1	0.386174901239843
1	0.386174901239843
1	0.386174901239843
1	0.386174901239843
1	0.386174901239843
1	0.386174901239843
1	0.386174901239843
1	0.386174901239843
1	0.386174901239843
1	0.386174901239843
1	0.386174901239843
1	0.386174901239843
1	0.386174901239843
1	0.386174901239843
1	0.386174901239843
1	0.386174901239843
1	0.386174901239843
1	0.386174901239843
1	0.386174901239843
1	0.386174901239843
1	0.386174901239843
1	0.386174901239843
1	0.386174901239843
1	0.386174901239843
1	0.386174901239843
1	0.386174901239843
1	0.386174901239843
1	0.386174901239843
1	0.386174901239843
1	0.386174901239843
1	0.386174901239843
1	0.386174901239843
1	0.386174901239843
1	0.386174901239843
1	0.386174901239843
1	0.386174901239843
1	0.386174901239843
1	0.386174901239843
1	0.386174901239843
1	0.386174901239843
1	0.386174901239843
1	0.38495777213443
1	0.38495777213443
1	0.38495777213443
1	0.38495777213443
1	0.387214583248011
1	0.387214583248011
1	0.387214583248011
1	0.387214583248011
1	0.387214583248011
1	0.387214583248011
1	0.387214583248011
1	0.387214583248011
1	0.387214583248011
1	0.387214583248011
1	0.387214583248011
1	0.387214583248011
1	0.387214583248011
1	0.387214583248011
1	0.387214583248011
1	0.387214583248011
1	0.390371065758271
1	0.390371065758271
1	0.390371065758271
1	0.390371065758271
1	0.390371065758271
1	0.390371065758271
1	0.390371065758271
1	0.390371065758271
1	0.40163721616727
1	0.40163721616727
1	0.40163721616727
1	0.40163721616727
1	0.40163721616727
1	0.40163721616727
1	0.40163721616727
1	0.40163721616727
1	0.40163721616727
1	0.40163721616727
1	0.40163721616727
1	0.40163721616727
1	0.406290027620533
1	0.406290027620533
1	0.406290027620533
1	0.406290027620533
1	0.406290027620533
1	0.406290027620533
1	0.406290027620533
1	0.406290027620533
1	0.406290027620533
1	0.406290027620533
1	0.406290027620533
1	0.406290027620533
1	0.406290027620533
1	0.406290027620533
1	0.406290027620533
1	0.406290027620533
1	0.41201749046834
1	0.41201749046834
1	0.41201749046834
1	0.41201749046834
1	0.41201749046834
1	0.41201749046834
1	0.423923663632004
1	0.423923663632004
1	0.423923663632004
1	0.423923663632004
1	0.423923663632004
1	0.423923663632004
1	0.433343654069063
1	0.433343654069063
1	0.433343654069063
1	0.433343654069063
1	0.433343654069063
1	0.433343654069063
1	0.433343654069063
1	0.434363040598227
1	0.434363040598227
1	0.444107071540595
1	0.444107071540595
1	0.444107071540595
1	0.444107071540595
1	0.444107071540595
1	0.444107071540595
1	0.444107071540595
1	0.444107071540595
1	0.444107071540595
1	0.444107071540595
1	0.444107071540595
1	0.444107071540595
1	0.444107071540595
1	0.444107071540595
1	0.444107071540595
1	0.444107071540595
1	0.453296488387102
1	0.453296488387102
1	0.453296488387102
1	0.453296488387102
1	0.453296488387102
1	0.453296488387102
1	0.453296488387102
1	0.453296488387102
1	0.453296488387102
1	0.453296488387102
1	0.453296488387102
1	0.453296488387102
1	0.455017740615956
1	0.455017740615956
1	0.455017740615956
1	0.455017740615956
1	0.455017740615956
1	0.455017740615956
1	0.455017740615956
1	0.455017740615956
1	0.455017740615956
1	0.455017740615956
1	0.455017740615956
1	0.455017740615956
1	0.455017740615956
1	0.455017740615956
1	0.455017740615956
1	0.455017740615956
1	0.455017740615956
1	0.455017740615956
1	0.455017740615956
1	0.455017740615956
1	0.455017740615956
1	0.455017740615956
1	0.455017740615956
1	0.455017740615956
1	0.455017740615956
1	0.455017740615956
1	0.455017740615956
1	0.455017740615956
1	0.455017740615956
1	0.455017740615956
1	0.455017740615956
1	0.455017740615956
1	0.455017740615956
1	0.455017740615956
1	0.455017740615956
1	0.455017740615956
1	0.455017740615956
1	0.455017740615956
1	0.455017740615956
1	0.455017740615956
1	0.455017740615956
1	0.455017740615956
1	0.455017740615956
1	0.455017740615956
1	0.455017740615956
1	0.455017740615956
1	0.455017740615956
1	0.455017740615956
1	0.455017740615956
1	0.455017740615956
1	0.455017740615956
1	0.455017740615956
1	0.455017740615956
1	0.455017740615956
1	0.455017740615956
1	0.455017740615956
1	0.455017740615956
1	0.455017740615956
1	0.455017740615956
1	0.455017740615956
1	0.455017740615956
1	0.455017740615956
1	0.455017740615956
1	0.455017740615956
1	0.455017740615956
1	0.455017740615956
1	0.455017740615956
1	0.455017740615956
1	0.455017740615956
1	0.455017740615956
1	0.455017740615956
1	0.455017740615956
1	0.455017740615956
1	0.455017740615956
1	0.455017740615956
1	0.455017740615956
1	0.455017740615956
1	0.455017740615956
1	0.455017740615956
1	0.455017740615956
1	0.455017740615956
1	0.455017740615956
1	0.455017740615956
1	0.455017740615956
1	0.455017740615956
1	0.455017740615956
1	0.455017740615956
1	0.455017740615956
1	0.455017740615956
1	0.455017740615956
1	0.455017740615956
1	0.455017740615956
1	0.455017740615956
1	0.455017740615956
1	0.455017740615956
1	0.455017740615956
1	0.455017740615956
1	0.455017740615956
1	0.455017740615956
1	0.455017740615956
1	0.455017740615956
1	0.455017740615956
1	0.455017740615956
1	0.455017740615956
1	0.455017740615956
1	0.455017740615956
1	0.455017740615956
1	0.455017740615956
1	0.455017740615956
1	0.455017740615956
1	0.455017740615956
1	0.455017740615956
1	0.455017740615956
1	0.455017740615956
1	0.455017740615956
1	0.455017740615956
1	0.455017740615956
1	0.455017740615956
1	0.455017740615956
1	0.455017740615956
1	0.455017740615956
1	0.455017740615956
1	0.455017740615956
1	0.455017740615956
1	0.455017740615956
1	0.455017740615956
1	0.455017740615956
1	0.455017740615956
1	0.455017740615956
1	0.455017740615956
1	0.455017740615956
1	0.455017740615956
1	0.455017740615956
1	0.455017740615956
1	0.455017740615956
1	0.455017740615956
1	0.455017740615956
1	0.455017740615956
1	0.455017740615956
1	0.455017740615956
1	0.455017740615956
1	0.455017740615956
1	0.455017740615956
1	0.455017740615956
1	0.455017740615956
1	0.455017740615956
1	0.455017740615956
1	0.455017740615956
